{
  "src_folders" : ["tests"],
  "output_folder" : "./reports",
  "custom_commands_path" : "",
  "custom_assertions_path" : "",
  "page_objects_path" : "",
  "globals_path" : "./globals.js",
  "selenium" : {
    "start_process" : false,
    "server_path" : "./node_modules/selenium-server-standalone-jar/jar/selenium-server-standalone-3.3.1.jar",
    "log_path" : "",               
    "port" : 80,
    "cli_args" : { 
      "webdriver.chrome.driver" : "./node_modules/chromedriver/lib/chromedriver/chromedriver",
      "webdriver.gecko.driver" : "",
      "webdriver.edge.driver" : ""
    }
  },

  "test_settings" : {
    "default" : {
      "launch_url" : "",
      "selenium_port"  : "80",
      "selenium_host"  : "internal-selenium-alb-393900665.us-east-1.elb.amazonaws.com",
      "silent": true,
      "screenshots" : {
        "enabled" : true,    
        "on_failure": true,
        "path" : "./screenshots"
      },
      "desiredCapabilities": {
        "browserName": "chrome"
      },
      "globals":{
          "waitForConditionTimeout": 60000
      },
      "exclude": [
        "./globals.js",
        "./tests/test-utils.js",
        "./tests/analytic-solutions/analytic-solutions-test-data.js",
        "./tests/uom-ge-admin/uom-ge-admin-test-data.js",
        "./tests/uom-org-admin/uom-org-admin-test-data.js"
      ]
    },

    "prep": {
        "launch_url": "prep"
    },

    "firefox" : {
      "desiredCapabilities": {
        "browserName": "firefox",
        "marionette": true
      }
    },

    "edge" : {
      "desiredCapabilities": {
        "browserName": "MicrosoftEdge"
      }
    }
  }
}
