{
  "project": {
    "version": "1.0.0-beta.24",
    "name": "web-ui-lib"
  },
  "apps": [
    {
      "root": "src",
      "outDir": "dist",
      "assets": [],
      "index": "index.ts",
      "main": "main.ts",
      "test": "test.ts",     
      "tsconfig": "tsconfig.json",
      "prefix": "app",
      "mobile": false,
      "styles": [],
      "scripts": [],
      "environments": {
        "source": "environments/environment.ts",
        "dev": "environments/environment.ts",
        "prod": "environments/environment.prod.ts"
      }
    }
  ],
  "addons": [],
  "packages": [], 
  "test": {
    "karma": {
      "config": "./karma.conf.js"
    }
  },
  "defaults": {
    "styleExt": "css",
    "prefixInterfaces": false,
    "inline": {
      "style": false,
      "template": false
    },
    "spec": {
      "class": false,
      "component": true,
      "directive": true,
      "module": false,
      "pipe": true,
      "service": true
    }
  }
}
